plate,strain,replicate,isoniazid,cfus,rfus,exp,rep.label,rfus.per.cfu,inh.label,fc
1,nb-wt,b,0,8000000,48211.5,1,nb-wt-b,0.0060264375,"0 µg/mL
isoniazid",0.9698649151570624
1,nb-wt,c,0,8000000,47824.5,1,nb-wt-c,0.0059780625,"0 µg/mL
isoniazid",0.9620796829579858
1,ohrR-anc,a,0,8000000,38539.5,1,ohrR-anc-a,0.0048174375,"0 µg/mL
isoniazid",0.7752944608173487
1,ohrR-anc,b,0,8000000,41075.5,1,ohrR-anc-b,0.0051344375,"0 µg/mL
isoniazid",0.82631086613222815
1,ohrR-s5,a,0,8000000,38464.5,1,ohrR-s5-a,0.0048080625,"0 µg/mL
isoniazid",0.7737856948872951
1,ohrR-s5,b,0,8000000,33514.5,1,ohrR-s5-b,0.0041893125,"0 µg/mL
isoniazid",0.6742071435037569
1,ohrR-s5,c,0,8000000,30641.5,1,ohrR-s5-c,0.0038301875,"0 µg/mL
isoniazid",0.6164113499431697
1,ohrR-L10,a,0,8000000,38862.5,1,ohrR-L10-a,0.0048578125,"0 µg/mL
isoniazid",0.781792212756113
1,ohrR-L10,b,0,8000000,34813.5,1,ohrR-L10-b,0.0043516875,"0 µg/mL
isoniazid",0.7003389694122852
1,ohrR-L10,c,0,8000000,37984.5,1,ohrR-L10-c,0.0047480625,"0 µg/mL
isoniazid",0.764129592934952
2,nb-wt,b,0,8000000,52227.5,1,nb-wt-b,0.0065284375,"0 µg/mL
isoniazid",1.0506543014916665
2,nb-wt,c,0,8000000,50574.5,1,nb-wt-c,0.0063218125,"0 µg/mL
isoniazid",1.017401100393285
2,ohrR-anc,a,0,8000000,40807.5,1,ohrR-anc-a,0.0051009375,"0 µg/mL
isoniazid",0.8209195425421699
2,ohrR-anc,b,0,8000000,44421.5,1,ohrR-anc-b,0.0055526875,"0 µg/mL
isoniazid",0.8936219434916867
2,ohrR-s5,a,0,8000000,40751.5,1,ohrR-s5-a,0.0050939375,"0 µg/mL
isoniazid",0.8197929973143967
2,ohrR-s5,b,0,8000000,36672.5,1,ohrR-s5-b,0.0045840625,"0 µg/mL
isoniazid",0.7377362475985474
2,ohrR-s5,c,0,8000000,35305.5,1,ohrR-s5-c,0.0044131875,"0 µg/mL
isoniazid",0.7102364739134369
2,ohrR-L10,a,0,8000000,42833.5,1,ohrR-L10-a,0.0053541875,"0 µg/mL
isoniazid",0.8616763395326847
2,ohrR-L10,b,0,8000000,38614.5,1,ohrR-L10-b,0.0048268125,"0 µg/mL
isoniazid",0.7768032267474024
2,ohrR-L10,c,0,8000000,40353.5,1,ohrR-L10-c,0.0050441875,"0 µg/mL
isoniazid",0.8117864794455788
1,nb-wt,b,1,8000000,48232.5,1,nb-wt-b,0.0060290625,"1 µg/mL
isoniazid",0.9677322271434518
1,nb-wt,c,1,8000000,48028.5,1,nb-wt-c,0.0060035625,"1 µg/mL
isoniazid",0.9636391908227705
1,ohrR-anc,a,1,8000000,39140.5,1,ohrR-anc-a,0.0048925625,"1 µg/mL
isoniazid",0.7853112162236724
1,ohrR-anc,b,1,8000000,41484.5,1,ohrR-anc-b,0.0051855625,"1 µg/mL
isoniazid",0.8323410061044426
1,ohrR-s5,a,1,8000000,39517.5,1,ohrR-s5-a,0.0049396875,"1 µg/mL
isoniazid",0.7928753078555197
1,ohrR-s5,b,1,8000000,34681.5,1,ohrR-s5-b,0.0043351875,"1 µg/mL
isoniazid",0.695846270371132
1,ohrR-s5,c,1,8000000,34918.5,1,ohrR-s5-c,0.0043648125,"1 µg/mL
isoniazid",0.7006014155083942
1,ohrR-L10,a,1,8000000,40241.5,1,ohrR-L10-a,0.0050301875,"1 µg/mL
isoniazid",0.8074015740132321
1,ohrR-L10,b,1,8000000,32083.5,1,ohrR-L10-b,0.0040104375,"1 µg/mL
isoniazid",0.6437202489930428
1,ohrR-L10,c,1,8000000,39701.5,1,ohrR-L10-c,0.0049626875,"1 µg/mL
isoniazid",0.7965670661055462
2,nb-wt,b,1,8000000,52088.5,1,nb-wt-b,0.0065110625,"1 µg/mL
isoniazid",1.0450986391657429
2,nb-wt,c,1,8000000,51013.5,1,nb-wt-c,0.0063766875,"1 µg/mL
isoniazid",1.0235299428680347
2,ohrR-anc,a,1,8000000,40949.5,1,ohrR-anc-a,0.0051186875,"1 µg/mL
isoniazid",0.8216068177144203
2,ohrR-anc,b,1,8000000,44687.5,1,ohrR-anc-b,0.0055859375,"1 µg/mL
isoniazid",0.8966056891198466
2,ohrR-s5,a,1,8000000,41169.5,1,ohrR-s5-a,0.0051461875,"1 µg/mL
isoniazid",0.8260208764916257
2,ohrR-s5,b,1,8000000,36398.5,1,ohrR-s5-b,0.0045498125,"1 µg/mL
isoniazid",0.7302959927368669
2,ohrR-s5,c,1,8000000,36377.5,1,ohrR-s5-c,0.0045471875,"1 µg/mL
isoniazid",0.7298746507626791
2,ohrR-L10,a,1,8000000,42251.5,1,ohrR-L10-a,0.0052814375,"1 µg/mL
isoniazid",0.8477300201140632
2,ohrR-L10,b,1,8000000,36643.5,1,ohrR-L10-b,0.0045804375,"1 µg/mL
isoniazid",0.7352116491023911
2,ohrR-L10,c,1,8000000,41696.5,1,ohrR-L10-c,0.0052120625,"1 µg/mL
isoniazid",0.836594553653386
1,nb-wt,b,5,8000000,48722.5,1,nb-wt-b,0.0060903125,"5 µg/mL
isoniazid",0.9653180908604602
1,nb-wt,c,5,8000000,49224.5,1,nb-wt-c,0.0061530625,"5 µg/mL
isoniazid",0.9752640025360093
1,ohrR-anc,a,5,8000000,37379.5,1,ohrR-anc-a,0.0046724375,"5 µg/mL
isoniazid",0.7405840746537754
1,ohrR-anc,b,5,8000000,41176.5,1,ohrR-anc-b,0.0051470625,"5 µg/mL
isoniazid",0.8158124145582787
1,ohrR-s5,a,5,8000000,41311.5,1,ohrR-s5-a,0.0051639375,"5 µg/mL
isoniazid",0.8184871119212253
1,ohrR-s5,b,5,8000000,35972.5,1,ohrR-s5-b,0.0044965625,"5 µg/mL
isoniazid",0.7127077843599549
1,ohrR-s5,c,5,8000000,36079.5,1,ohrR-s5-c,0.0045099375,"5 µg/mL
isoniazid",0.7148277296772533
1,ohrR-L10,a,5,8000000,41382.5,1,ohrR-L10-a,0.0051728125,"5 µg/mL
isoniazid",0.8198938046084046
1,ohrR-L10,b,5,8000000,36640.5,1,ohrR-L10-b,0.0045800625,"5 µg/mL
isoniazid",0.7259425831632754
1,ohrR-L10,c,5,8000000,41399.5,1,ohrR-L10-c,0.0051749375,"5 µg/mL
isoniazid",0.8202306183504052
2,nb-wt,b,5,8000000,52403.5,1,nb-wt-b,0.0065504375,"5 µg/mL
isoniazid",1.0382481722901353
2,nb-wt,c,5,8000000,51541.5,1,nb-wt-c,0.0064426875,"5 µg/mL
isoniazid",1.0211697343133952
2,ohrR-anc,a,5,8000000,40603.5,1,ohrR-anc-a,0.0050754375,"5 µg/mL
isoniazid",0.8044598101955501
2,ohrR-anc,b,5,8000000,44186.5,1,ohrR-anc-b,0.0055233125,"5 µg/mL
isoniazid",0.8754482594654568
2,ohrR-s5,a,5,8000000,42125.5,1,ohrR-s5-a,0.0052656875,"5 µg/mL
isoniazid",0.83461454639114
2,ohrR-s5,b,5,8000000,38471.5,1,ohrR-s5-b,0.0048089375,"5 µg/mL
isoniazid",0.7622194044340539
2,ohrR-s5,c,5,8000000,38123.5,1,ohrR-s5-c,0.0047654375,"5 µg/mL
isoniazid",0.7553246290095694
2,ohrR-L10,a,5,8000000,44549.5,1,ohrR-L10-a,0.0055686875,"5 µg/mL
isoniazid",0.8826402234858242
2,ohrR-L10,b,5,8000000,38972.5,1,ohrR-L10-b,0.0048715625,"5 µg/mL
isoniazid",0.7721455035365443
2,ohrR-L10,c,5,8000000,42552.5,1,ohrR-L10-c,0.0053190625,"5 µg/mL
isoniazid",0.8430745150872745
1,nb-wt,b,10,8000000,50472.5,1,nb-wt-b,0.0063090624999999996,"10 µg/mL
isoniazid",0.971101213094883
1,nb-wt,c,10,8000000,51281.5,1,nb-wt-c,0.0064101875,"10 µg/mL
isoniazid",0.9866665383986378
1,ohrR-anc,a,10,8000000,39703.5,1,ohrR-anc-a,0.0049629375,"10 µg/mL
isoniazid",0.7639034526546672
1,ohrR-anc,b,10,8000000,42416.5,1,ohrR-anc-b,0.0053020625,"10 µg/mL
isoniazid",0.8161021270045888
1,ohrR-s5,a,10,8000000,42757.5,1,ohrR-s5-a,0.0053446875,"10 µg/mL
isoniazid",0.8226630366814495
1,ohrR-s5,b,10,8000000,37259.5,1,ohrR-s5-b,0.0046574375,"10 µg/mL
isoniazid",0.7168803932697766
1,ohrR-s5,c,10,8000000,37047.5,1,ohrR-s5-c,0.0046309375,"10 µg/mL
isoniazid",0.7128014699516109
1,ohrR-L10,a,10,8000000,42620.5,1,ohrR-L10-a,0.0053275625,"10 µg/mL
isoniazid",0.8200271286881067
1,ohrR-L10,b,10,8000000,39958.5,1,ohrR-L10-b,0.0049948125,"10 µg/mL
isoniazid",0.7688097047590645
1,ohrR-L10,c,10,8000000,41989.5,1,ohrR-L10-c,0.0052486875,"10 µg/mL
isoniazid",0.8078865597552646
2,nb-wt,b,10,8000000,53183.5,1,nb-wt-b,0.0066479375,"10 µg/mL
isoniazid",1.0232614070361428
2,nb-wt,c,10,8000000,52960.5,1,nb-wt-c,0.0066200625,"10 µg/mL
isoniazid",1.0189708414703365
2,ohrR-anc,a,10,8000000,40837.5,1,ohrR-anc-a,0.0051046875,"10 µg/mL
isoniazid",0.7857218443659871
2,ohrR-anc,b,10,8000000,43170.5,1,ohrR-anc-b,0.0053963125,"10 µg/mL
isoniazid",0.8306092410701402
2,ohrR-s5,a,10,8000000,43975.5,1,ohrR-s5-a,0.0054969375,"10 µg/mL
isoniazid",0.846097605556571
2,ohrR-s5,b,10,8000000,40552.5,1,ohrR-s5-b,0.0050690625,"10 µg/mL
isoniazid",0.7802383861316606
2,ohrR-s5,c,10,8000000,37872.5,1,ohrR-s5-c,0.0047340625,"10 µg/mL
isoniazid",0.7286746385246612
2,ohrR-L10,a,10,8000000,44314.5,1,ohrR-L10-a,0.0055393125,"10 µg/mL
isoniazid",0.8526200348247699
2,ohrR-L10,b,10,8000000,41555.5,1,ohrR-L10-b,0.0051944375,"10 µg/mL
isoniazid",0.7995363110756236
2,ohrR-L10,c,10,8000000,42008.5,1,ohrR-L10-c,0.0052510625,"10 µg/mL
isoniazid",0.8082521236375529
1,nb-wt,b,25,8000000,52267.5,1,nb-wt-b,0.0065334375,"25 µg/mL
isoniazid",0.9749489372417717
1,nb-wt,c,25,8000000,53528.5,1,nb-wt-c,0.0066910625,"25 µg/mL
isoniazid",0.9984704488859458
1,ohrR-anc,a,25,8000000,40400.5,1,ohrR-anc-a,0.0050500625,"25 µg/mL
isoniazid",0.7535930461383498
1,ohrR-anc,b,25,8000000,43484.5,1,ohrR-anc-b,0.0054355625,"25 µg/mL
isoniazid",0.8111190904766791
1,ohrR-s5,a,25,8000000,48620.5,1,ohrR-s5-a,0.0060775625,"25 µg/mL
isoniazid",0.906921218791095
1,ohrR-s5,b,25,8000000,40531.5,1,ohrR-s5-b,0.0050664375,"25 µg/mL
isoniazid",0.756036597308363
1,ohrR-s5,c,25,8000000,39043.5,1,ohrR-s5-c,0.0048804375,"25 µg/mL
isoniazid",0.7282808405069903
1,ohrR-L10,a,25,8000000,44850.5,1,ohrR-L10-a,0.0056063125,"25 µg/mL
isoniazid",0.8365991736693372
1,ohrR-L10,b,25,8000000,40437.5,1,ohrR-L10-b,0.0050546875,"25 µg/mL
isoniazid",0.7542832094459109
1,ohrR-L10,c,25,8000000,44530.5,1,ohrR-L10-c,0.0055663125,"25 µg/mL
isoniazid",0.8306301937120527
2,nb-wt,b,25,8000000,54460.5,1,nb-wt-b,0.0068075625,"25 µg/mL
isoniazid",1.015855103011537
2,nb-wt,c,25,8000000,54185.5,1,nb-wt-c,0.0067731875,"25 µg/mL
isoniazid",1.0107255108607456
2,ohrR-anc,a,25,8000000,42290.5,1,ohrR-anc-a,0.0052863125,"25 µg/mL
isoniazid",0.7888473340110613
2,ohrR-anc,b,25,8000000,45873.5,1,ohrR-anc-b,0.0057341875,"25 µg/mL
isoniazid",0.855681256470281
2,ohrR-s5,a,25,8000000,43384.5,1,ohrR-s5-a,0.0054230625,"25 µg/mL
isoniazid",0.8092537842400276
2,ohrR-s5,b,25,8000000,41073.5,1,ohrR-s5-b,0.0051341875,"25 µg/mL
isoniazid",0.7661465571110136
2,ohrR-s5,c,25,8000000,40707.5,1,ohrR-s5-c,0.0050884375,"25 µg/mL
isoniazid",0.7593195362848696
2,ohrR-L10,a,25,8000000,46602.5,1,ohrR-L10-a,0.0058253125,"25 µg/mL
isoniazid",0.8692793389354697
2,ohrR-L10,b,25,8000000,42867.5,1,ohrR-L10-b,0.0053584375,"25 µg/mL
isoniazid",0.79961015099654
2,ohrR-L10,c,25,8000000,44599.5,1,ohrR-L10-c,0.0055749375,"25 µg/mL
isoniazid",0.8319172550153422
1,nb-wt,b,100,8000000,57187.5,1,nb-wt-b,0.0071484375,"100 µg/mL
isoniazid",0.9835494634012109
1,nb-wt,c,100,8000000,59596.5,1,nb-wt-c,0.0074495625,"100 µg/mL
isoniazid",1.0249810814529443
1,ohrR-anc,a,100,8000000,43606.5,1,ohrR-anc-a,0.0054508125,"100 µg/mL
isoniazid",0.7499742019812878
1,ohrR-anc,b,100,8000000,46844.5,1,ohrR-anc-b,0.0058555625,"100 µg/mL
isoniazid",0.8056635250412768
1,ohrR-s5,a,100,8000000,53619.5,1,ohrR-s5-a,0.0067024375,"100 µg/mL
isoniazid",0.922184576224546
1,ohrR-s5,b,100,8000000,43451.5,1,ohrR-s5-b,0.0054314375,"100 µg/mL
isoniazid",0.7473084067143643
1,ohrR-s5,c,100,8000000,43016.5,1,ohrR-s5-c,0.0053770625,"100 µg/mL
isoniazid",0.7398269812878371
1,ohrR-L10,a,100,8000000,50130.5,1,ohrR-L10-a,0.0062663125,"100 µg/mL
isoniazid",0.862178384700055
1,ohrR-L10,b,100,8000000,45736.5,1,ohrR-L10-b,0.0057170625,"100 µg/mL
isoniazid",0.7866073885525592
1,ohrR-L10,c,100,8000000,49384.5,1,ohrR-L10-c,0.0061730625,"100 µg/mL
isoniazid",0.8493481700605393
2,nb-wt,b,100,8000000,56914.5,1,nb-wt-b,0.0071143125,"100 µg/mL
isoniazid",0.9788542239955971
2,nb-wt,c,100,8000000,58877.5,1,nb-wt-c,0.0073596875,"100 µg/mL
isoniazid",1.0126152311502477
2,ohrR-anc,a,100,8000000,43707.5,1,ohrR-anc-a,0.0054634375,"100 µg/mL
isoniazid",0.7517112685745735
2,ohrR-anc,b,100,8000000,48042.5,1,ohrR-anc-b,0.0060053125,"100 µg/mL
isoniazid",0.8262675426527243
2,ohrR-s5,a,100,8000000,51313.5,1,ohrR-s5-a,0.0064141875,"100 µg/mL
isoniazid",0.8825244221243808
2,ohrR-s5,b,100,8000000,44986.5,1,ohrR-s5-b,0.0056233125,"100 µg/mL
isoniazid",0.7737083791964777
2,ohrR-s5,c,100,8000000,46427.5,1,ohrR-s5-c,0.0058034375,"100 µg/mL
isoniazid",0.7984916758392955
2,ohrR-L10,a,100,8000000,50777.5,1,ohrR-L10-a,0.0063471875,"100 µg/mL
isoniazid",0.873305930104568
2,ohrR-L10,b,100,8000000,45361.5,1,ohrR-L10-b,0.0056701875,"100 µg/mL
isoniazid",0.7801578838745185
2,ohrR-L10,c,100,8000000,49315.5,1,ohrR-L10-c,0.0061644375,"100 µg/mL
isoniazid",0.8481614611997798
1,nb-wt,b,500,8000000,51754.5,1,nb-wt-b,0.0064693125,"500 µg/mL
isoniazid",0.9690810446440692
1,nb-wt,c,500,8000000,56846.5,1,nb-wt-c,0.0071058125,"500 µg/mL
isoniazid",1.0644265832798903
1,ohrR-anc,a,500,8000000,42473.5,1,ohrR-anc-a,0.0053091875,"500 µg/mL
isoniazid",0.7952982590825893
1,ohrR-anc,b,500,8000000,45657.5,1,ohrR-anc-b,0.0057071875,"500 µg/mL
isoniazid",0.8549173075932834
1,ohrR-s5,a,500,8000000,57907.5,1,ohrR-s5-a,0.0072384375,"500 µg/mL
isoniazid",1.0842933579249425
1,ohrR-s5,b,500,8000000,32923.5,1,ohrR-s5-b,0.0041154375,"500 µg/mL
isoniazid",0.6164785627015817
1,ohrR-s5,c,500,8000000,45882.5,1,ohrR-s5-c,0.0057353125,"500 µg/mL
isoniazid",0.8591303370891711
1,ohrR-L10,a,500,8000000,50929.5,1,ohrR-L10-a,0.0063661875,"500 µg/mL
isoniazid",0.9536332698258146
1,ohrR-L10,b,500,8000000,44803.5,1,ohrR-L10-b,0.0056004375,"500 µg/mL
isoniazid",0.8389265200844479
1,ohrR-L10,c,500,8000000,47938.5,1,ohrR-L10-c,0.0059923125,"500 µg/mL
isoniazid",0.8976280643938153
2,nb-wt,b,500,8000000,51452.5,1,nb-wt-b,0.0064315625,"500 µg/mL
isoniazid",0.9634262228318111
2,nb-wt,c,500,8000000,53569.5,1,nb-wt-c,0.0066961875,"500 µg/mL
isoniazid",1.0030661492442292
2,ohrR-anc,a,500,8000000,41935.5,1,ohrR-anc-a,0.0052419375,"500 µg/mL
isoniazid",0.7852244374435337
2,ohrR-anc,b,500,8000000,44933.5,1,ohrR-anc-b,0.0056166875,"500 µg/mL
isoniazid",0.841360714904294
2,ohrR-s5,a,500,8000000,53266.5,1,ohrR-s5-a,0.0066583125,"500 µg/mL
isoniazid",0.9973926028564339
2,ohrR-s5,b,500,8000000,46800.5,1,ohrR-s5-b,0.0058500625,"500 µg/mL
isoniazid",0.8763194974323926
2,ohrR-s5,c,500,8000000,48457.5,1,ohrR-s5-c,0.0060571875,"500 µg/mL
isoniazid",0.9073461190976627
2,ohrR-L10,a,500,8000000,49859.5,1,ohrR-L10-a,0.0062324375,"500 µg/mL
isoniazid",0.9335979740009268
2,ohrR-L10,b,500,8000000,47690.5,1,ohrR-L10-b,0.0059613125,"500 µg/mL
isoniazid",0.8929843696605702
2,ohrR-L10,c,500,8000000,48906.5,1,ohrR-L10-c,0.0061133125,"500 µg/mL
isoniazid",0.9157534535139006
1,nb-wt,a,0,8000000,8159.5,2,nb-wt-a,0.0010199375,"0 µg/mL
isoniazid",1.0317380034140482
1,nb-wt,b,0,8000000,8079.5,2,nb-wt-b,0.0010099375,"0 µg/mL
isoniazid",1.02162230511475
1,nb-wt,c,0,8000000,7486.5,2,nb-wt-c,9.358125e-4,"0 µg/mL
isoniazid",0.9466396914712019
1,wt-s1,a,0,8000000,6245.5,2,wt-s1-a,7.806875e-4,"0 µg/mL
isoniazid",0.7897199216033381
1,wt-s1,b,0,8000000,5926.5,2,wt-s1-b,7.408125e-4,"0 µg/mL
isoniazid",0.7493835746348865
1,wt-s1,c,0,8000000,5513.5,2,wt-s1-c,6.891875e-4,"0 µg/mL
isoniazid",0.6971612821647594
1,wt-L2,a,0,5500000,4203.5,2,wt-L2-a,7.642727272727273e-4,"0 µg/mL
isoniazid",0.7731152327472741
1,wt-L2,b,0,5500000,4244.5,2,wt-L2-b,7.717272727272728e-4,"0 µg/mL
isoniazid",0.7806560260249329
1,wt-L2,c,0,5500000,4260.5,2,wt-L2-c,7.746363636363636e-4,"0 µg/mL
isoniazid",0.7835987746210923
1,ohrR-anc,a,0,8000000,6735.5,2,ohrR-anc-a,8.419375e-4,"0 µg/mL
isoniazid",0.8516785736865398
1,ohrR-anc,b,0,8000000,6770.5,2,ohrR-anc-b,8.463125e-4,"0 µg/mL
isoniazid",0.8561041916924826
2,ohrR-L10,a,0,8000000,6220.5,2,ohrR-L10-a,7.775625e-4,"0 µg/mL
isoniazid",0.7865587658848074
2,ohrR-L10,b,0,8000000,5552.5,2,ohrR-L10-b,6.940625e-4,"0 µg/mL
isoniazid",0.7020926850856672
2,ohrR-L10,c,0,8000000,5885.5,2,ohrR-L10-c,7.356875e-4,"0 µg/mL
isoniazid",0.7441992792564961
2,wj-wt,a,0,8000000,6916.5,2,wj-wt-a,8.645625e-4,"0 µg/mL
isoniazid",0.9886128117778784
2,wj-wt,b,0,8000000,7131.5,2,wj-wt-b,8.914375e-4,"0 µg/mL
isoniazid",1.0193439264359054
2,wj-wt,c,0,8000000,6940.5,2,wj-wt-c,8.675625e-4,"0 µg/mL
isoniazid",0.9920432617862163
2,mshA-ko,a,0,6500000,5975.5,2,mshA-ko-a,9.193076923076924e-4,"0 µg/mL
isoniazid",1.051213026914006
2,mshA-ko,b,0,8000000,8210.5,2,mshA-ko-b,0.0010263125,"0 µg/mL
isoniazid",1.1735712413940969
2,mshA-ko,c,0,8000000,8486.5,2,mshA-ko-c,0.0010608125,"0 µg/mL
isoniazid",1.2130214164899826
2,mshA-comp,a,0,8000000,7982.5,2,mshA-comp-a,9.978125e-4,"0 µg/mL
isoniazid",1.1409819663148868
2,mshA-comp,b,0,8000000,6504.5,2,mshA-comp-b,8.130625e-4,"0 µg/mL
isoniazid",0.9297234199680778
2,mshA-comp,c,0,8000000,7130.5,2,mshA-comp-c,8.913125e-4,"0 µg/mL
isoniazid",1.0192009910188913
1,nb-wt,a,1,8000000,7792.5,2,nb-wt-a,9.740625e-4,"1 µg/mL
isoniazid",1.0196270853778213
1,nb-wt,b,1,8000000,7811.5,2,nb-wt-b,9.764375e-4,"1 µg/mL
isoniazid",1.022113182859012
1,nb-wt,c,1,8000000,7323.5,2,nb-wt-c,9.154375e-4,"1 µg/mL
isoniazid",0.9582597317631665
1,wt-s1,a,1,8000000,6191.5,2,wt-s1-a,7.739375e-4,"1 µg/mL
isoniazid",0.8101406607785411
1,wt-s1,b,1,8000000,5810.5,2,wt-s1-b,7.263125e-4,"1 µg/mL
isoniazid",0.7602878639188747
1,wt-s1,c,1,8000000,5431.5,2,wt-s1-c,6.789375e-4,"1 µg/mL
isoniazid",0.7106967615309127
1,wt-L2,a,1,5500000,4188.5,2,wt-L2-a,7.615454545454545e-4,"1 µg/mL
isoniazid",0.79716894162429
1,wt-L2,b,1,5500000,4236.5,2,wt-L2-b,7.702727272727273e-4,"1 µg/mL
isoniazid",0.8063044577274214
1,wt-L2,c,1,5500000,4149.5,2,wt-L2-c,7.544545454545455e-4,"1 µg/mL
isoniazid",0.7897463347904957
1,ohrR-anc,a,1,8000000,6646.5,2,ohrR-anc-a,8.308125e-4,"1 µg/mL
isoniazid",0.8696761530912659
1,ohrR-anc,b,1,8000000,6651.5,2,ohrR-anc-b,8.314375e-4,"1 µg/mL
isoniazid",0.8703303892705267
2,ohrR-L10,a,1,8000000,6201.5,2,ohrR-L10-a,7.751875e-4,"1 µg/mL
isoniazid",0.8114491331370626
2,ohrR-L10,b,1,8000000,5421.5,2,ohrR-L10-b,6.776875e-4,"1 µg/mL
isoniazid",0.7093882891723913
2,ohrR-L10,c,1,8000000,5728.5,2,ohrR-L10-c,7.160625e-4,"1 µg/mL
isoniazid",0.749558390578999
2,wj-wt,a,1,8000000,6711.5,2,wj-wt-a,8.389375e-4,"1 µg/mL
isoniazid",0.9720472155840393
2,wj-wt,b,1,8000000,7014.5,2,wj-wt-b,8.768125e-4,"1 µg/mL
isoniazid",1.0159316387862987
2,wj-wt,c,1,8000000,6987.5,2,wj-wt-c,8.734375e-4,"1 µg/mL
isoniazid",1.0120211456296617
2,mshA-ko,a,1,6500000,5891.5,2,mshA-ko-a,9.063846153846154e-4,"1 µg/mL
isoniazid",1.0501958031829854
2,mshA-ko,b,1,8000000,7972.5,2,mshA-ko-b,9.965625e-4,"1 µg/mL
isoniazid",1.1546817293069738
2,mshA-ko,c,1,8000000,7961.5,2,mshA-ko-c,9.951875e-4,"1 µg/mL
isoniazid",1.1530885654283438
2,mshA-comp,a,1,8000000,7943.5,2,mshA-comp-a,9.929375e-4,"1 µg/mL
isoniazid",1.1504815699905857
2,mshA-comp,b,1,8000000,6484.5,2,mshA-comp-b,8.105625e-4,"1 µg/mL
isoniazid",0.9391701064523137
2,mshA-comp,c,1,8000000,7132.5,2,mshA-comp-c,8.915625e-4,"1 µg/mL
isoniazid",1.0330219422116012
1,nb-wt,a,5,8000000,7829.5,2,nb-wt-a,9.786875e-4,"5 µg/mL
isoniazid",1.026214037617144
1,nb-wt,b,5,8000000,7810.5,2,nb-wt-b,9.763125e-4,"5 µg/mL
isoniazid",1.0237237040435152
1,nb-wt,c,5,8000000,7248.5,2,nb-wt-c,9.060625e-4,"5 µg/mL
isoniazid",0.9500622583393407
1,wt-s1,a,5,8000000,6039.5,2,wt-s1-a,7.549375e-4,"5 µg/mL
isoniazid",0.7915984009437054
1,wt-s1,b,5,8000000,5747.5,2,wt-s1-b,7.184375e-4,"5 µg/mL
isoniazid",0.7533259060226751
1,wt-s1,c,5,8000000,5447.5,2,wt-s1-c,6.809375e-4,"5 µg/mL
isoniazid",0.7140048495969592
1,wt-L2,a,5,5500000,4084.5,2,wt-L2-a,7.426363636363636e-4,"5 µg/mL
isoniazid",0.7786999028889061
1,wt-L2,b,5,5500000,4229.5,2,wt-L2-b,7.69e-4,"5 µg/mL
isoniazid",0.8063437971033489
1,wt-L2,c,5,5500000,4258.5,2,wt-L2-c,7.742727272727273e-4,"5 µg/mL
isoniazid",0.8118725759462374
1,ohrR-anc,a,5,8000000,6580.5,2,ohrR-anc-a,8.225625e-4,"5 µg/mL
isoniazid",0.8625073726980799
1,ohrR-anc,b,5,8000000,6658.5,2,ohrR-anc-b,8.323125e-4,"5 µg/mL
isoniazid",0.872730847368766
2,ohrR-L10,a,5,8000000,5665.5,2,ohrR-L10-a,7.081875e-4,"5 µg/mL
isoniazid",0.7425781505996462
2,ohrR-L10,b,5,8000000,5359.5,2,ohrR-L10-b,6.699375e-4,"5 µg/mL
isoniazid",0.7024706730454158
2,ohrR-L10,c,5,8000000,5627.5,2,ohrR-L10-c,7.034375e-4,"5 µg/mL
isoniazid",0.7375974834523887
2,wj-wt,a,5,8000000,6761.5,2,wj-wt-a,8.451875e-4,"5 µg/mL
isoniazid",0.9758966587284406
2,wj-wt,b,5,8000000,7046.5,2,wj-wt-b,8.808125e-4,"5 µg/mL
isoniazid",1.0170311034134372
2,wj-wt,c,5,8000000,6977.5,2,wj-wt-c,8.721875e-4,"5 µg/mL
isoniazid",1.0070722378581223
2,mshA-ko,a,5,6500000,5741.5,2,mshA-ko-a,8.833076923076924e-4,"5 µg/mL
isoniazid",1.01991217990352
2,mshA-ko,b,5,8000000,7825.5,2,mshA-ko-b,9.781875e-4,"5 µg/mL
isoniazid",1.129465252219095
2,mshA-ko,c,5,8000000,7748.5,2,mshA-ko-c,9.685625e-4,"5 µg/mL
isoniazid",1.118351735584903
2,mshA-comp,a,5,8000000,7916.5,2,mshA-comp-a,9.895625e-4,"5 µg/mL
isoniazid",1.142599408241322
2,mshA-comp,b,5,8000000,6670.5,2,mshA-comp-b,8.338125e-4,"5 µg/mL
isoniazid",0.9627625027062136
2,mshA-comp,c,5,8000000,7054.5,2,mshA-comp-c,8.818125e-4,"5 µg/mL
isoniazid",1.0181857544923143
1,nb-wt,a,10,8000000,7936.5,2,nb-wt-a,9.920625e-4,"10 µg/mL
isoniazid",1.025321361669143
1,nb-wt,b,10,8000000,7985.5,2,nb-wt-b,9.981875e-4,"10 µg/mL
isoniazid",1.0316517020864284
1,nb-wt,c,10,8000000,7299.5,2,nb-wt-c,0.00091243750000000005,"10 µg/mL
isoniazid",0.9430269362444287
1,wt-s1,a,10,8000000,6104.5,2,wt-s1-a,7.630625e-4,"10 µg/mL
isoniazid",0.788644144435114
1,wt-s1,b,10,8000000,5846.5,2,wt-s1-b,7.308125e-4,"10 µg/mL
isoniazid",0.7553129642787934
1,wt-s1,c,10,8000000,5338.5,2,wt-s1-c,6.673125e-4,"10 µg/mL
isoniazid",0.6896841289322395
1,wt-L2,a,10,5500000,4074.5,2,wt-L2-a,7.408181818181818e-4,"10 µg/mL
isoniazid",0.7656540862406116
1,wt-L2,b,10,5500000,4229.5,2,wt-L2-b,7.69e-4,"10 µg/mL
isoniazid",0.7947806989212584
1,wt-L2,c,10,5500000,4192.5,2,wt-L2-c,7.622727272727273e-4,"10 µg/mL
isoniazid",0.7878278946039428
1,ohrR-anc,a,10,8000000,6512.5,2,ohrR-anc-a,8.140625e-4,"10 µg/mL
isoniazid",0.84135391770557455
1,ohrR-anc,b,10,8000000,6630.5,2,ohrR-anc-b,8.288125e-4,"10 µg/mL
isoniazid",0.8565984109553647
2,ohrR-L10,a,10,8000000,5696.5,2,ohrR-L10-a,7.120625e-4,"10 µg/mL
isoniazid",0.7359343711646534
2,ohrR-L10,b,10,8000000,5387.5,2,ohrR-L10-b,6.734375e-4,"10 µg/mL
isoniazid",0.6960144693495253
2,ohrR-L10,c,10,8000000,5672.5,2,ohrR-L10-c,7.090625e-4,"10 µg/mL
isoniazid",0.732833796266391
2,wj-wt,a,10,8000000,6672.5,2,wj-wt-a,8.340625e-4,"10 µg/mL
isoniazid",0.9652802893309222
2,wj-wt,b,10,8000000,7058.5,2,wj-wt-b,8.823125e-4,"10 µg/mL
isoniazid",1.021121157323689
2,wj-wt,c,10,8000000,7006.5,2,wj-wt-c,8.758125e-4,"10 µg/mL
isoniazid",1.0135985533453888
2,mshA-ko,a,10,6500000,5879.5,2,mshA-ko-a,9.045384615384615e-4,"10 µg/mL
isoniazid",1.0468437891222702
2,mshA-ko,b,10,8000000,7732.5,2,mshA-ko-b,9.665625e-4,"10 µg/mL
isoniazid",1.118625678119349
2,mshA-ko,c,10,8000000,7694.5,2,mshA-ko-c,9.618125e-4,"10 µg/mL
isoniazid",1.113128390596745
2,mshA-comp,a,10,8000000,7773.5,2,mshA-comp-a,9.716875e-4,"10 µg/mL
isoniazid",1.1245569620253166
2,mshA-comp,b,10,8000000,6569.5,2,mshA-comp-b,8.211875e-4,"10 µg/mL
isoniazid",0.9503797468354431
2,mshA-comp,c,10,8000000,6973.5,2,mshA-comp-c,8.716875e-4,"10 µg/mL
isoniazid",1.0088245931283906
1,nb-wt,a,25,8000000,7837.5,2,nb-wt-a,9.796875e-4,"25 µg/mL
isoniazid",1.0328581783039383
1,nb-wt,b,25,8000000,7762.5,2,nb-wt-b,9.703125e-4,"25 µg/mL
isoniazid",1.02297436798524
1,nb-wt,c,25,8000000,7164.5,2,nb-wt-c,8.955625e-4,"25 µg/mL
isoniazid",0.9441674537108217
1,wt-s1,a,25,8000000,5969.5,2,wt-s1-a,7.461875e-4,"25 µg/mL
isoniazid",0.7866854092995673
1,wt-s1,b,25,8000000,5808.5,2,wt-s1-b,7.260625e-4,"25 µg/mL
isoniazid",0.7654681631487623
1,wt-s1,c,25,8000000,5326.5,2,wt-s1-c,6.658125e-4,"25 µg/mL
isoniazid",0.7019482088339299
1,wt-L2,a,25,5500000,4249.5,2,wt-L2-a,7.726363636363637e-4,"25 µg/mL
isoniazid",0.8145697347744395
1,wt-L2,b,25,5500000,4273.5,2,wt-L2-b,7.77e-4,"25 µg/mL
isoniazid",0.819170199213688
1,wt-L2,c,25,5500000,4262.5,2,wt-L2-c,7.75e-4,"25 µg/mL
isoniazid",0.8170616530123657
1,ohrR-anc,a,25,8000000,6596.5,2,ohrR-anc-a,8.245625e-4,"25 µg/mL
isoniazid",0.8693140635638823
1,ohrR-anc,b,25,8000000,6697.5,2,ohrR-anc-b,8.371875e-4,"25 µg/mL
isoniazid",0.882624261459729
2,ohrR-L10,a,25,8000000,5632.5,2,ohrR-L10-a,7.040625e-4,"25 µg/mL
isoniazid",0.7422741549342178
2,ohrR-L10,b,25,8000000,5321.5,2,ohrR-L10-b,6.651875e-4,"25 µg/mL
isoniazid",0.7012892881460168
2,ohrR-L10,c,25,8000000,5592.5,2,ohrR-L10-c,6.990625e-4,"25 µg/mL
isoniazid",0.7370027894309122
2,wj-wt,a,25,8000000,6794.5,2,wj-wt-a,8.493125e-4,"25 µg/mL
isoniazid",0.978259304585703
2,wj-wt,b,25,8000000,7016.5,2,wj-wt-b,8.770625e-4,"25 µg/mL
isoniazid",1.0102224461881795
2,wj-wt,c,25,8000000,7025.5,2,wj-wt-c,8.781875e-4,"25 µg/mL
isoniazid",1.0115182492261174
2,mshA-ko,a,25,6500000,5654.5,2,mshA-ko-a,8.699230769230769e-4,"25 µg/mL
isoniazid",1.0019990807551098
2,mshA-ko,b,25,8000000,7516.5,2,mshA-ko-b,9.395625e-4,"25 µg/mL
isoniazid",1.0822115038514144
2,mshA-ko,c,25,8000000,7691.5,2,mshA-ko-c,9.614375e-4,"25 µg/mL
isoniazid",1.107407674033547
2,mshA-comp,a,25,8000000,7927.5,2,mshA-comp-a,9.909375e-4,"25 µg/mL
isoniazid",1.141386509250594
2,mshA-comp,b,25,8000000,6550.5,2,mshA-comp-b,8.188125e-4,"25 µg/mL
isoniazid",0.9431286444460442
2,mshA-comp,c,25,8000000,6995.5,2,mshA-comp-c,8.744375e-4,"25 µg/mL
isoniazid",1.0071989057663235
1,nb-wt,a,100,8000000,7878.5,2,nb-wt-a,9.848125e-4,"100 µg/mL
isoniazid",1.030250855436654
1,nb-wt,b,100,8000000,7723.5,2,nb-wt-b,9.654375e-4,"100 µg/mL
isoniazid",1.0099819105115184
1,nb-wt,c,100,8000000,7339.5,2,nb-wt-c,9.174375e-4,"100 µg/mL
isoniazid",0.9597672340518274
1,wt-s1,a,100,8000000,6164.5,2,wt-s1-a,7.705625e-4,"100 µg/mL
isoniazid",0.8061155547806377
1,wt-s1,b,100,8000000,5817.5,2,wt-s1-b,7.271875e-4,"100 µg/mL
isoniazid",0.7607392716256566
1,wt-s1,c,100,8000000,5499.5,2,wt-s1-c,6.874375e-4,"100 µg/mL
isoniazid",0.719155242682475
1,wt-L2,a,100,5500000,4407.5,2,wt-L2-a,8.013636363636364e-4,"100 µg/mL
isoniazid",0.8383378276366965
1,wt-L2,b,100,5500000,4457.5,2,wt-L2-b,8.104545454545454e-4,"100 µg/mL
isoniazid",0.8478481830267894
1,wt-L2,c,100,5500000,4478.5,2,wt-L2-c,8.142727272727273e-4,"100 µg/mL
isoniazid",0.8518425322906286
1,ohrR-anc,a,100,8000000,6463.5,2,ohrR-anc-a,8.079375e-4,"100 µg/mL
isoniazid",0.8452150033781575
1,ohrR-anc,b,100,8000000,6470.5,2,ohrR-anc-b,8.088125e-4,"100 µg/mL
isoniazid",0.8461303750844539
2,ohrR-L10,a,100,8000000,5734.5,2,ohrR-L10-a,7.168125e-4,"100 µg/mL
isoniazid",0.7498855785367129
2,ohrR-L10,b,100,8000000,5426.5,2,ohrR-L10-b,6.783125e-4,"100 µg/mL
isoniazid",0.7096092234596691
2,ohrR-L10,c,100,8000000,5595.5,2,ohrR-L10-c,6.994375e-4,"100 µg/mL
isoniazid",0.7317089117973977
2,wj-wt,a,100,8000000,6952.5,2,wj-wt-a,8.690625e-4,"100 µg/mL
isoniazid",0.9843318624790581
2,wj-wt,b,100,8000000,7182.5,2,wj-wt-b,8.978125e-4,"100 µg/mL
isoniazid",1.016895160338847
2,wj-wt,c,100,8000000,7054.5,2,wj-wt-c,8.818125e-4,"100 µg/mL
isoniazid",0.9987729771820949
2,mshA-ko,a,100,6500000,5630.5,2,mshA-ko-a,8.662307692307692e-4,"100 µg/mL
isoniazid",0.9811245410008949
2,mshA-ko,b,100,8000000,7144.5,2,mshA-ko-b,8.930625e-4,"100 µg/mL
isoniazid",1.0115151372141862
2,mshA-ko,c,100,8000000,7380.5,2,mshA-ko-c,9.225625e-4,"100 µg/mL
isoniazid",1.0449279124094482
2,mshA-comp,a,100,8000000,7871.5,2,mshA-comp-a,9.839375e-4,"100 µg/mL
isoniazid",1.1144434743623022
2,mshA-comp,b,100,8000000,6287.5,2,mshA-comp-b,7.859375e-4,"100 µg/mL
isoniazid",0.890181457797494
2,mshA-comp,c,100,8000000,6946.5,2,mshA-comp-c,8.683125e-4,"100 µg/mL
isoniazid",0.9834823851435853
1,nb-wt,a,500,8000000,7497.5,2,nb-wt-a,9.371875e-4,"500 µg/mL
isoniazid",1.0518624172843547
1,nb-wt,b,500,8000000,7167.5,2,nb-wt-b,8.959375e-4,"500 µg/mL
isoniazid",1.0055650384642365
1,nb-wt,c,500,8000000,6718.5,2,nb-wt-c,8.398125e-4,"500 µg/mL
isoniazid",0.9425725442514088
1,wt-s1,a,500,8000000,6052.5,2,wt-s1-a,7.565625e-4,"500 µg/mL
isoniazid",0.8491360160871699
1,wt-s1,b,500,8000000,5870.5,2,wt-s1-b,7.338125e-4,"500 µg/mL
isoniazid",0.8236023101924381
1,wt-s1,c,500,8000000,5468.5,2,wt-s1-c,6.835625e-4,"500 µg/mL
isoniazid",0.767203685084294
1,wt-L2,a,500,5500000,4580.5,2,wt-L2-a,8.328181818181819e-4,"500 µg/mL
isoniazid",0.9347223964101463
1,wt-L2,b,500,5500000,4608.5,2,wt-L2-b,8.379090909090909e-4,"500 µg/mL
isoniazid",0.9404362326942821
1,wt-L2,c,500,5500000,4777.5,2,wt-L2-c,8.686363636363636e-4,"500 µg/mL
isoniazid",0.9749233159806733
1,ohrR-anc,a,500,8000000,6565.5,2,ohrR-anc-a,8.206875e-4,"500 µg/mL
isoniazid",0.921107395889354
1,ohrR-anc,b,500,8000000,6122.5,2,ohrR-anc-b,7.653125e-4,"500 µg/mL
isoniazid",0.8589566722005285
2,ohrR-L10,a,500,8000000,5660.5,2,ohrR-L10-a,7.075625e-4,"500 µg/mL
isoniazid",0.7941403418523628
2,ohrR-L10,b,500,8000000,5247.5,2,ohrR-L10-b,6.559375e-4,"500 µg/mL
isoniazid",0.7361984707835482
2,ohrR-L10,c,500,8000000,5536.5,2,ohrR-L10-c,6.920625e-4,"500 µg/mL
isoniazid",0.776743751022985
2,wj-wt,a,500,8000000,6823.5,2,wj-wt-a,8.529375e-4,"500 µg/mL
isoniazid",0.9840876859841837
2,wj-wt,b,500,8000000,7003.5,2,wj-wt-b,8.754375e-4,"500 µg/mL
isoniazid",1.0100473523543976
2,wj-wt,c,500,8000000,6974.5,2,wj-wt-c,8.718125e-4,"500 µg/mL
isoniazid",1.0058649616614186
2,mshA-ko,a,500,6500000,5615.5,2,mshA-ko-a,8.639230769230769e-4,"500 µg/mL
isoniazid",0.996762437620068
2,mshA-ko,b,500,8000000,7012.5,2,mshA-ko-b,8.765625e-4,"500 µg/mL
isoniazid",1.011345335672908
2,mshA-ko,c,500,8000000,7056.5,2,mshA-ko-c,8.820625e-4,"500 µg/mL
isoniazid",1.0176910318967383
2,mshA-comp,a,500,8000000,7612.5,2,mshA-comp-a,9.515625e-4,"500 µg/mL
isoniazid",1.0978775569069539
2,mshA-comp,b,500,8000000,5913.5,2,mshA-comp-b,7.391875e-4,"500 µg/mL
isoniazid",0.8528471504458813
2,mshA-comp,c,500,8000000,6715.5,2,mshA-comp-c,8.394375e-4,"500 µg/mL
isoniazid",0.9685118861620556
3,wj-wt,w,0,8000000,22033.214285714286,3,wj-wt-w,0.0027541517857142856,"0 µg/mL
isoniazid",1.1012182605203267
3,wj-wt,x,0,8000000,23142.928571428572,3,wj-wt-x,0.0028928660714285714,"0 µg/mL
isoniazid",1.1566816903922532
3,wj-wt,y,0,8000000,18103.64285714286,3,wj-wt-y,0.002262955357142857,"0 µg/mL
isoniazid",0.9048185996697755
3,wj-wt,z,0,8000000,16752.35714285714,3,wj-wt-z,0.0020940446428571427,"0 µg/mL
isoniazid",0.8372814494176447
3,mshA-ko,w,0,8000000,23944.785714285714,3,mshA-ko-w,0.002993098214285714,"0 µg/mL
isoniazid",1.1967584452675264
3,mshA-ko,x,0,8000000,21140.214285714286,3,mshA-ko-x,0.002642526785714286,"0 µg/mL
isoniazid",1.0565861930474363
3,mshA-ko,y,0,8000000,20573.5,3,mshA-ko-y,0.0025716875,"0 µg/mL
isoniazid",1.028261859074479
3,mshA-ko,z,0,8000000,21424.5,3,mshA-ko-z,0.0026780625,"0 µg/mL
isoniazid",1.0707947699584988
3,mshA-comp,w,0,6000000,16177.92857142857,3,mshA-comp-w,0.0026963214285714286,"0 µg/mL
isoniazid",1.0780954080949618
3,mshA-comp,x,0,6000000,13024.92857142857,3,mshA-comp-x,0.0021708214285714286,"0 µg/mL
isoniazid",0.8679798295327771
3,mshA-comp,y,0,6000000,13833.92857142857,3,mshA-comp-y,0.002305654761904762,"0 µg/mL
isoniazid",0.9218915019263094
3,mshA-comp,z,0,6000000,12162.357142857143,3,mshA-comp-z,0.002027059523809524,"0 µg/mL
isoniazid",0.8104981629404853
